{
	"type" : "GenericCrafter",
	"name" : "Extrator de carvão a Agua",
	"description" : "Extrator movido a Agua,perfura as camadas mais fundas em buscas de carvão",
	"outputItem" : {"item":"coal","amount":9},
	"size" : 3,
	"hasPower" : true,
	"hasItems" : true,
	"itemCapacity" : 100,
	"craftTime" : 50,
	"updateEffect" : "pulverize",
	"requirements" : [
		{"item":"lead","amount":50},
		{"item":"copper","amount":50},
		{"item":"graphite","amount":50}
	],
	"category" : "production",
	"research" : "pneumatic-drill",
	"idleSound" : "respawning",
	"idleSoundVolume" : 0.5
}